{"1.5": 0.43356158706082565, "1.75": 0.3321684601490844, "2.0": 0.2578309886183371}